FTC String,Code
Andhra Pradesh-Nagaland,902
Dadra and Nagar Haveli and Daman and Diu-Dadra and Nagar Haveli and Daman a,301
Default,0
Default,1
Madhya Pradesh-Tripura,446
Maharashtra-Lakshadweep,184
Maharashtra-Madhya Pradesh,185
Rajasthan-Meghalaya,449
Jharkhand-Assam,455
Jharkhand-Uttarakhand,356
Maharashtra-Maharashtra,186
Maharashtra-Manipur,187
Orissa-Uttarakhand,357
Rajasthan-Himachal Pradesh,373
Andaman and Nicobar Islands-Andaman and Nicobar Islands,334
Andaman and Nicobar Islands-Andaman and Nicobar Islands_SEZ,294
Andaman and Nicobar Islands-Delhi,647
Andaman and Nicobar Islands-Gujarat,701
Andaman and Nicobar Islands-Haryana,665
Andaman and Nicobar Islands-Karnataka,584
Andaman and Nicobar Islands-Ladakh,847
Andaman and Nicobar Islands-Madhya Pradesh,702
Andaman and Nicobar Islands-Maharashtra,705
Andaman and Nicobar Islands-Tamil Nadu,646
Andaman and Nicobar Islands-Uttar Pradesh,652
Andaman and Nicobar Islands-West Bengal,4
Andhra Pradesh-Andhra Pradesh,5
Andhra Pradesh-Andhra Pradesh_SEZ,295
Andhra Pradesh-Arunachal Pradesh,799
Andhra Pradesh-Assam,633
Andhra Pradesh-Bihar,588
Andhra Pradesh-Chandigarh,761
Andhra Pradesh-Chhattisgarh,613
Andhra Pradesh-Delhi,6
Andhra Pradesh-Goa,758
Andhra Pradesh-Gujarat,605
Andhra Pradesh-Haryana,8
Andhra Pradesh-Himachal Pradesh,725
Andhra Pradesh-Jharkhand,11
Andhra Pradesh-Karnataka,12
Andhra Pradesh-Kerala,598
Andhra Pradesh-Ladakh,848
Andhra Pradesh-Madhya Pradesh,622
Andhra Pradesh-Maharastra,13
Andhra Pradesh-Orissa,7
Andhra Pradesh-Punjab,10
Andhra Pradesh-Rajasthan,9
Andhra Pradesh-Tamil Nadu,597
Andhra Pradesh-Telangana,14
Andhra Pradesh-Uttar Pradesh,595
Andhra Pradesh-Uttarakhand,720
Andhra Pradesh-West Bengal,653
Arunachal Pradesh-Arunachal Pradesh,343
Arunachal Pradesh-Arunachal Pradesh_SEZ,296
Arunachal Pradesh-Assam,718
Arunachal Pradesh-Delhi,774
Arunachal Pradesh-Haryana,506
Arunachal Pradesh-Karnataka,747
Arunachal Pradesh-Ladakh,849
Arunachal Pradesh-Maharashtra,688
Arunachal Pradesh-Uttar Prades,772
Arunachal Pradesh-West Bengal,15
Arunachalpradesh-Meghalaya,790
Assam and Chandigarh,781
Assam-Andhra Pradesh,16
Assam-Arunachal Pradesh,17
Assam-Assam,18
Assam-Assam_SEZ,297
Assam-Bihar,424
Assam-Chhattisgarh,492
Assam-Delhi,398
Assam-Gujarat,19
Assam-Haryana,390
Assam-Himachal Pradesh,375
Assam-Jammu and Kashmir,670
Assam-Jharkhand,471
Assam-Karnataka,531
Assam-Kerala,540
Assam-Ladakh,850
Assam-Madhya Pradesh,502
Assam-Maharashtra,522
Assam-Manipur,20
Assam-Meghalaya,21
Assam-Mizoram,22
Assam-Nagaland,23
Assam-Orissa,783
Assam-Punjab,24
Assam-Rajasthan,406
Assam-Sikkim,25
Assam-Tamil Nadu,553
Assam-Telangana,566
Assam-Tripura,26
Assam-Uttar Pradesh,414
Assam-West Bengal,27
Bihar-Andaman and Nicobar Islands,558
Bihar-Andhra Pradesh,575
Bihar-Assam,454
Bihar-Bihar,28
Bihar-Bihar_SEZ,298
Bihar-Chandigarh,773
Bihar-Chhattisgarh,491
Bihar-Delhi,397
Bihar-Goa,722
Bihar-Gujarat,511
Bihar-Haryana,389
Bihar-Himachal Pradesh,735
Bihar-Jammu and Kashmir,637
Bihar-Jharkhand,29
Bihar-Karnataka,530
Bihar-Kerala,539
Bihar-Ladakh,851
Bihar-Madhya Pradesh,501
Bihar-Maharashtra,33
Bihar-Orissa,30
Bihar-Punjab,31
Bihar-Rajasthan,405
Bihar-Tamil Nadu,552
Bihar-Telangana,565
Bihar-Tripura,444
Bihar-Uttar Pradesh,34
Bihar-Uttarakhand,349
Bihar-West Bengal,32
Chandigarh-Bihar,766
Chandigarh-Chandigarh,330
Chandigarh-Chandigarh_SEZ,299
Chandigarh-Delhi,35
Chandigarh-Gujarat,744
Chandigarh-Haryana,740
Chandigarh-Himachal Pradesh,794
Chandigarh-Karnataka,765
Chandigarh-Kerala,760
Chandigarh-Ladakh,852
Chandigarh-Madhya Pradesh,759
Chandigarh-Maharashtra,741
Chandigarh-Orissa,769
Chandigarh-Punjab,743
Chandigarh-Rajasthan,767
Chandigarh-Tamil Nadu,742
Chandigarh-Telangana,762
Chandigarh-Uttar Pradesh,756
Chandigarh-West Bengal,763
Chatis-DN and Haveli,785
Chhattisgarh-Andhra Pradesh,577
Chhattisgarh-Arunachal Pradesh,800
Chhattisgarh-Assam,456
Chhattisgarh-Bihar,426
Chhattisgarh-Chhattisgarh,36
Chhattisgarh-Chhattisgarh_SEZ,300
Chhattisgarh-Delhi,400
Chhattisgarh-Gujarat,513
Chhattisgarh-Haryana,393
Chhattisgarh-Himachal Pradesh,376
Chhattisgarh-Jammu and Kashmir,640
Chhattisgarh-Jharkhand,473
Chhattisgarh-Karnataka,533
Chhattisgarh-Kerala,543
Chhattisgarh-Ladakh,853
Chhattisgarh-Madhya Pradesh,38
Chhattisgarh-Maharastra,37
Chhattisgarh-Orissa,482
Chhattisgarh-Punjab,39
Chhattisgarh-Rajasthan,409
Chhattisgarh-Tamil Nadu,556
Chhattisgarh-Telangana,568
Chhattisgarh-Uttar Pradesh,417
Chhattisgarh-Uttarakhand,358
Chhattisgarh-West Bengal,464
DN and Haveli-Chatis,786
DUMMY,615
DUMMY,614
DUMMY,348
DUMMY,645
Dadra and Nagar Haveli and Daman and Diu-Dadra and Nagar Haveli and Daman and Diu,333
Dadra and Nagar Haveli and Daman and Diu-Dadra and Nagar Haveli and Daman and Diu_SEZ,301
Dadra and Nagar Haveli and Daman and Diu-Ladakh,854
Dadra and Nagar Haveli-Dadra and Nagar Haveli,333
Dadra and Nagar Haveli-Dadra and Nagar Haveli_SEZ,301
Dadra and Nagar Haveli-Delhi,657
Dadra and Nagar Haveli-Gujarat,706
Dadra and Nagar Haveli-Haryana,656
Dadra and Nagar Haveli-Maharashtra,40
Dadra and Nagar Haveli-Tamil Nadu,698
Dadra and Nagar Haveli-West Bengal,732
Daman and Diu-Daman and Diu,332
Daman and Diu-Daman and Diu_SEZ,302
Daman and Diu-Gujarat,707
Daman and Diu-Haryana,792
Daman and Diu-Karnataka,644
Daman and Diu-Ladakh,855
Daman and Diu-Maharashtra,41
Daman and Diu-Rajasthan,606
Daman and Diu-Tamil Nadu,679
Daman and Diu-Telangana,752
Daman and Diu-Uttar Pradesh,668
Delhi-Andaman and Nicobar Islands,42
Delhi-Andhra Pradesh,43
Delhi-Arunachal Pradesh,44
Delhi-Assam,45
Delhi-Bihar,46
Delhi-Chandigarh,47
Delhi-Chhattisgarh,48
Delhi-Dadra and Nagar Haveli,49
Delhi-Daman and Diu,50
Delhi-Delhi,51
Delhi-Delhi_SEZ,303
Delhi-Goa,52
Delhi-Gujarat,53
Delhi-Haryana,54
Delhi-Himachal Pradesh,55
Delhi-Jammu and Kashmir,56
Delhi-Jharkhand,57
Delhi-Karnataka,58
Delhi-Kerala,59
Delhi-Ladakh,856
Delhi-Lakshadweep,60
Delhi-Madhya Pradesh,61
Delhi-Maharashtra,62
Delhi-Manipur,63
Delhi-Meghalaya,64
Delhi-Mizoram,65
Delhi-Nagaland,66
Delhi-Orissa,67
Delhi-Pondicherry,68
Delhi-Punjab,69
Delhi-Rajasthan,70
Delhi-Sikkim,71
Delhi-Tamil Nadu,72
Delhi-Telangana,73
Delhi-Tripura,74
Delhi-Uttar Pradesh,75
Delhi-Uttarakhand,76
Delhi-West Bengal,77
Goa-Chhattisgarh,727
Goa-Delhi,697
Goa-Goa,335
Goa-Goa_SEZ,304
Goa-Gujarat,604
Goa-Haryana,448
Goa-Karnataka,692
Goa-Ladakh,857
Goa-Maharashtra,78
Goa-Tamil Nadu,748
Goa-Telangana,776
Goa-Uttar Pradesh,754
Goa-West Bengal,736
Gujarat-Andaman and Nicobar Islands,560
Gujarat-Andhra Pradesh,578
Gujarat-Assam,458
Gujarat-Bihar,428
Gujarat-Chandigarh,79
Gujarat-Chhattisgarh,80
Gujarat-Dadra and Nagar Haveli,519
Gujarat-Daman and Diu,84
Gujarat-Delhi,81
Gujarat-Goa,629
Gujarat-Gujarat,85
Gujarat-Gujarat_SEZ,305
Gujarat-Haryana,82
Gujarat-Himachal Pradesh,721
Gujarat-Jammu and Kashmir,639
Gujarat-Jharkhand,475
Gujarat-Karnataka,86
Gujarat-Kerala,545
Gujarat-Ladakh,858
Gujarat-Madhya Pradesh,504
Gujarat-Maharashtra,87
Gujarat-Manipur,440
Gujarat-Nagaland,438
Gujarat-Orissa,484
Gujarat-Punjab,88
Gujarat-Rajasthan,83
Gujarat-Tamil Nadu,89
Gujarat-Telangana,90
Gujarat-Tripura,447
Gujarat-Uttar Pradesh,91
Gujarat-Uttarakhand,360
Gujarat-West Bengal,92
Haryana-Andhra Pradesh,572
Haryana-Assam,669
Haryana-Bihar,585
Haryana-Chandigarh,771
Haryana-Chhattisgarh,489
Haryana-Daman and Diu,793
Haryana-Delhi,94
Haryana-Goa,750
Haryana-Gujarat,509
Haryana-Haryana,93
Haryana-Haryana_SEZ,306
Haryana-Himachal Pradesh,659
Haryana-Jammu and Kashmir,636
Haryana-Jharkhand,623
Haryana-Karnataka,528
Haryana-Kerala,537
Haryana-Ladakh,859
Haryana-Madhya Pradesh,624
Haryana-Maharashtra,521
Haryana-Meghalaya,635
Haryana-Orissa,620
Haryana-Punjab,379
Haryana-Rajasthan,594
Haryana-Tamil Nadu,549
Haryana-Telangana,599
Haryana-Uttar Pradesh,95
Haryana-Uttarakhand,355
Haryana-West Bengal,591
Himachal Pradesh-Andhra Pradesh,780
Himachal Pradesh-Assam,690
Himachal Pradesh-Chandigarh,601
Himachal Pradesh-Dadra and Nagar Haveli,680
Himachal Pradesh-Delhi,97
Himachal Pradesh-Gujarat,603
Himachal Pradesh-Haryana,387
Himachal Pradesh-Himachal Pradesh,96
Himachal Pradesh-Himachal Pradesh_SEZ,307
Himachal Pradesh-Jammu,802
Himachal Pradesh-Karnataka,526
Himachal Pradesh-Kerala,684
Himachal Pradesh-Ladakh,860
Himachal Pradesh-Madhya Pradesh,497
Himachal Pradesh-Maharashtra,581
Himachal Pradesh-Meghalaya,650
Himachal Pradesh-Orissa,737
Himachal Pradesh-Punjab,630
Himachal Pradesh-Rajasthan,611
Himachal Pradesh-Tamil Nadu,547
Himachal Pradesh-Telangana,561
Himachal Pradesh-Uttar Pradesh,413
Himachal Pradesh-Uttarakhand,779
Himachal Pradesh-West Bengal,641
Jammu and Kashmir-Bihar,587
Jammu and Kashmir-Chhattisgarh,98
Jammu and Kashmir-Delhi,99
Jammu and Kashmir-Gujarat,602
Jammu and Kashmir-Haryana,386
Jammu and Kashmir-Himachal Pradesh,372
Jammu and Kashmir-Jammu and Kashmir,100
Jammu and Kashmir-Jammu and Kashmir_SEZ,308
Jammu and Kashmir-Karnataka,625
Jammu and Kashmir-Kerala,627
Jammu and Kashmir-Ladakh,861
Jammu and Kashmir-Madhya Pradesh,101
Jammu and Kashmir-Maharashtra,520
Jammu and Kashmir-Punjab,671
Jammu and Kashmir-Rajasthan,609
Jammu and Kashmir-Tamil Nadu,628
Jammu and Kashmir-Telangana,709
Jammu and Kashmir-Uttar Prades,583
Jammu and Kashmir-West Bengal,664
Jharkhand-Andhra Pradesh,102
Jharkhand-Bihar,103
Jharkhand-Chhattisgarh,104
Jharkhand-Delhi,399
Jharkhand-Goa,703
Jharkhand-Gujarat,512
Jharkhand-Haryana,391
Jharkhand-Himachal Pradesh,724
Jharkhand-Jharkhand,107
Jharkhand-Jharkhand_SEZ,309
Jharkhand-Karnataka,532
Jharkhand-Kerala,541
Jharkhand-Ladakh,862
Jharkhand-Madhya Pradesh,105
Jharkhand-Maharashtra,108
Jharkhand-Orissa,481
Jharkhand-Punjab,382
Jharkhand-Rajasthan,407
Jharkhand-Sikkim,433
Jharkhand-Tamil Nadu,554
Jharkhand-Telangana,109
Jharkhand-Uttar Pradesh,415
Jharkhand-West Bengal,106
Karnataka-Andaman and Nicobar Islands,110
Karnataka-Andhra Pradesh,111
Karnataka-Arunachal Pradesh,112
Karnataka-Assam,113
Karnataka-Bihar,114
Karnataka-Chandigarh,115
Karnataka-Chhattisgarh,116
Karnataka-Dadra and Nagar Haveli,117
Karnataka-Daman and Diu,118
Karnataka-Delhi,119
Karnataka-Goa,120
Karnataka-Gujarat,121
Karnataka-Haryana,122
Karnataka-Himachal Pradesh,123
Karnataka-Jammu and Kashmir,124
Karnataka-Jharkhand,125
Karnataka-Karnataka,126
Karnataka-Karnataka_SEZ,310
Karnataka-Kerala,127
Karnataka-Ladakh,863
Karnataka-Lakshadweep,128
Karnataka-Madhya Pradesh,129
Karnataka-Maharashtra,130
Karnataka-Manipur,131
Karnataka-Meghalaya,132
Karnataka-Mizoram,133
Karnataka-Nagaland,134
Karnataka-Orissa,135
Karnataka-Pondicherry,136
Karnataka-Punjab,137
Karnataka-Rajasthan,138
Karnataka-Sikkim,139
Karnataka-Tamil Nadu,140
Karnataka-Telangana,141
Karnataka-Tripura,142
Karnataka-Uttar Pradesh,143
Karnataka-Uttarakhand,144
Karnataka-West Bengal,145
Kerala-Andhra Pradesh,579
Kerala-Assam,459
Kerala-Bihar,429
Kerala-Chhattisgarh,494
Kerala-Delhi,147
Kerala-Gujarat,514
Kerala-Haryana,395
Kerala-Himachal Pradesh,723
Kerala-Jammu and Kashmir,729
Kerala-Jharkhand,476
Kerala-Karnataka,148
Kerala-Kerala,146
Kerala-Kerala KFC,796
Kerala-Kerala_SEZ,311
Kerala-Ladakh,864
Kerala-Lakshadweep,151
Kerala-Madhya Pradesh,505
Kerala-Maharashtra,524
Kerala-Manipur,441
Kerala-Orissa,485
Kerala-Punjab,149
Kerala-Rajasthan,410
Kerala-Sikkim,621
Kerala-Tamil Nadu,150
Kerala-Telangana,569
Kerala-Uttar Pradesh,418
Kerala-Uttarakhand,689
Kerala-West Bengal,466
Ladakh-Andaman and Nicobar Islands,803
Ladakh-Andhra Pradesh,804
Ladakh-Arunachal Pradesh,805
Ladakh-Assam,806
Ladakh-Bihar,807
Ladakh-Chandigarh,808
Ladakh-Chhattisgarh,809
Ladakh-Dadra and Nagar Haveli and Daman and Diu,810
Ladakh-Delhi,812
Ladakh-Goa,813
Ladakh-Gujarat,814
Ladakh-Haryana,815
Ladakh-Himachal Pradesh,816
Ladakh-Jammu and Kashmir,817
Ladakh-Jharkhand,818
Ladakh-Karnataka,883
Ladakh-Kerala,820
Ladakh-Ladakh,837
Ladakh-Ladakh_SEZ,838
Ladakh-Lakshadweep,821
Ladakh-Madhya Pradesh,822
Ladakh-Maharashtra,823
Ladakh-Manipur,824
Ladakh-Meg,819
Ladakh-Meghalaya,884
Ladakh-Mizoram,885
Ladakh-Nagaland,825
Ladakh-Orissa,826
Ladakh-Pondicherry,827
Ladakh-Punjab,828
Ladakh-Rajasthan,829
Ladakh-Sikkim,830
Ladakh-Tamil Nadu,831
Ladakh-Telangana,832
Ladakh-Tripura,833
Ladakh-Uttar Pradesh,834
Ladakh-Uttarakhand,835
Ladakh-West Bengal,836
Lakshadweep-Haryana,719
Lakshadweep-Karnataka,152
Lakshadweep-Ladakh,865
Lakshadweep-Lakshadweep,331
Lakshadweep-Lakshadweep_SEZ,312
Lakshadweep-Maharashtra,696
Lakshadweep-Telangana,728
Madhya Pradesh-Andaman and Nicobar Islands,559
Madhya Pradesh-Andhra Pradesh,153
Madhya Pradesh-Assam,457
Madhya Pradesh-Bihar,427
Madhya Pradesh-Chhattisgarh,154
Madhya Pradesh-Daman,518
Madhya Pradesh-Delhi,155
Madhya Pradesh-Gujarat,157
Madhya Pradesh-Haryana,394
Madhya Pradesh-Himachal Pradesh,158
Madhya Pradesh-Jammu and Kashmir,642
Madhya Pradesh-Jharkhand,474
Madhya Pradesh-Karnataka,159
Madhya Pradesh-Kerala,544
Madhya Pradesh-Ladakh,866
Madhya Pradesh-Madhya Pradesh,160
Madhya Pradesh-Madhya Pradesh_SEZ,313
Madhya Pradesh-Maharashtra,161
Madhya Pradesh-Meghalaya,450
Madhya Pradesh-Orissa,483
Madhya Pradesh-Punjab,156
Madhya Pradesh-Rajasthan,162
Madhya Pradesh-Tamil Nadu,163
Madhya Pradesh-Telangana,164
Madhya Pradesh-Tripura,446
Madhya Pradesh-Uttar Pradesh,165
Madhya Pradesh-Uttarakhand,359
Madhya Pradesh-West Bengal,465
Maharashtra-Andaman and Nicobar Islands,166
Maharashtra-Andhra Pradesh,167
Maharashtra-Arunachal Pradesh,168
Maharashtra-Assam,169
Maharashtra-Bihar,170
Maharashtra-Chandigarh,171
Maharashtra-Chhattisgarh,172
Maharashtra-Dadra and Nagar Haveli,173
Maharashtra-Daman and Diu,174
Maharashtra-Delhi,175
Maharashtra-Goa,176
Maharashtra-Gujarat,177
Maharashtra-Haryana,178
Maharashtra-Himachal Pradesh,179
Maharashtra-Jammu and Kashmir,180
Maharashtra-Jharkhand,181
Maharashtra-Karnataka,182
Maharashtra-Kerala,183
Maharashtra-Ladakh,867
Maharashtra-Maharashtra_SEZ,314
Maharashtra-Meghalaya,188
Maharashtra-Mizoram,189
Maharashtra-Nagaland,190
Maharashtra-Orissa,191
Maharashtra-Pondicherry,192
Maharashtra-Punjab,193
Maharashtra-Rajasthan,194
Maharashtra-Sikkim,195
Maharashtra-Tamil Nadu,196
Maharashtra-Telangana,197
Maharashtra-Tripura,198
Maharashtra-Uttar Pradesh,199
Maharashtra-Uttarakhand,200
Maharashtra-West Bengal,201
Manipur-Assam,715
Manipur-Delhi,746
Manipur-Gujarat,704
Manipur-Haryana,685
Manipur-Karnataka,617
Manipur-Ladakh,868
Manipur-Maharashtra,676
Manipur-Manipur,340
Manipur-Manipur_SEZ,315
Manipur-Tamil Nadu,678
Manipur-Telangana,841
Manipur-Tripura,782
Manipur-Uttar Pradesh,655
Manipur-West Bengal,202
Meghalaya-Arunachalpradesh,789
Meghalaya-Assam,673
Meghalaya-Chhattisgarh,667
Meghalaya-Delhi,745
Meghalaya-Gujarat,596
Meghalaya-Haryana,649
Meghalaya-Karnataka,600
Meghalaya-Kerala,733
Meghalaya-Ladakh,869
Meghalaya-Madhya Pradesh,710
Meghalaya-Maharashtra,592
Meghalaya-Meghalaya,338
Meghalaya-Meghalaya_SEZ,316
Meghalaya-Rajasthan,610
Meghalaya-Tamil Nadu,694
Meghalaya-Telangana,842
Meghalaya-Uttar Pradesh,607
Meghalaya-West Bengal,203
Mizoram-Assam,714
Mizoram-Delhi,757
Mizoram-Haryana,651
Mizoram-Karnataka,708
Mizoram-Ladakh,870
Mizoram-Maharashtra,686
Mizoram-Mizoram,337
Mizoram-Mizoram_SEZ,317
Mizoram-Nagaland,345
Mizoram-Tamil Nadu,795
Mizoram-Telangana,839
Mizoram-Tripura,731
Mizoram-West Bengal,204
Nagaland-Assam,672
Nagaland-Delhi,419
Nagaland-Gujarat,717
Nagaland-Haryana,632
Nagaland-Karnataka,618
Nagaland-Kerala,734
Nagaland-Ladakh,871
Nagaland-Madhya Pradesh,626
Nagaland-Maharashtra,687
Nagaland-Nagaland,339
Nagaland-Nagaland_SEZ,318
Nagaland-Rajasthan,608
Nagaland-Tamil Nadu,738
Nagaland-Uttar Pradesh,654
Nagaland-West Bengal,205
Orissa-Andhra Pradesh,576
Orissa-Arunachal Pradesh,434
Orissa-Assam,206
Orissa-Bihar,425
Orissa-Chhattisgarh,493
Orissa-Delhi,208
Orissa-Gujarat,207
Orissa-Haryana,392
Orissa-Himachal Pradesh,593
Orissa-Jammu and Kashmir,662
Orissa-Jharkhand,472
Orissa-Karnataka,209
Orissa-Kerala,542
Orissa-Ladakh,872
Orissa-Madhya Pradesh,503
Orissa-Maharashtra,523
Orissa-Orissa,211
Orissa-Orissa_SEZ,319
Orissa-Punjab,383
Orissa-Rajasthan,408
Orissa-Tamil Nadu,555
Orissa-Telangana,567
Orissa-Tripura,445
Orissa-Uttar Pradesh,416
Orissa-West Bengal,210
Pondicherry-Chhattisgarh,713
Pondicherry-Delhi,401
Pondicherry-Gujarat,516
Pondicherry-Haryana,749
Pondicherry-Karnataka,212
Pondicherry-Kerala,770
Pondicherry-Ladakh,873
Pondicherry-Maharashtra,525
Pondicherry-Pondicherry,342
Pondicherry-Pondicherry_SEZ,320
Pondicherry-Punjab,675
Pondicherry-Tamil Nadu,557
Pondicherry-Uttar Pradesh,631
Punjab-Andhra Pradesh,571
Punjab-Assam,451
Punjab-Bihar,421
Punjab-Chandigarh,213
Punjab-Chhattisgarh,488
Punjab-Delhi,214
Punjab-Goa,534
Punjab-Gujarat,508
Punjab-Haryana,215
Punjab-Himachal Pradesh,216
Punjab-Jammu and Kashmir,217
Punjab-Jharkhand,218
Punjab-Karnataka,527
Punjab-Kerala,536
Punjab-Ladakh,874
Punjab-Madhya Pradesh,498
Punjab-Maharashtra,219
Punjab-Nagaland,436
Punjab-Orissa,479
Punjab-Punjab,220
Punjab-Punjab_SEZ,321
Punjab-Rajasthan,403
Punjab-Tamil Nadu,548
Punjab-Telangana,562
Punjab-Tripura,351
Punjab-Uttar Pradesh,221
Punjab-Uttarakhand,222
Punjab-West Bengal,223
Rajasthan-Andhra Pradesh,573
Rajasthan-Assam,452
Rajasthan-Bihar,422
Rajasthan-Chandigarh,764
Rajasthan-Chhattisgarh,490
Rajasthan-Delhi,225
Rajasthan-Gujarat,224
Rajasthan-Haryana,227
Rajasthan-Jharkhand,469
Rajasthan-Karnataka,529
Rajasthan-Kerala,226
Rajasthan-Ladakh,875
Rajasthan-Madhya Pradesh,499
Rajasthan-Maharashtra,228
Rajasthan-Nagaland,437
Rajasthan-Orissa,480
Rajasthan-Punjab,380
Rajasthan-Rajasthan,229
Rajasthan-Rajasthan_SEZ,322
Rajasthan-Sikkim,432
Rajasthan-Tamil Nadu,550
Rajasthan-Telangana,563
Rajasthan-Tripura,443
Rajasthan-Uttar Pradesh,230
Rajasthan-Uttarakhand,231
Rajasthan-West Bengal,462
Sikkim-Assam,791
Sikkim-Delhi,712
Sikkim-Gujarat,739
Sikkim-Haryana,551
Sikkim-Jharkhand,711
Sikkim-Ladakh,876
Sikkim-Maharashtra,681
Sikkim-Meghalaya,589
Sikkim-Sikkim,341
Sikkim-Sikkim_SEZ,323
Sikkim-Telangana,840
Sikkim-Uttar Pradesh,699
Sikkim-West Bengal,232
Tamil Nadu-Andaman and Nicobar Islands,801
Tamil Nadu-Andhra Pradesh,580
Tamil Nadu-Arunachal Pradesh,233
Tamil Nadu-Assam,460
Tamil Nadu-Bihar,430
Tamil Nadu-Chandigarh,234
Tamil Nadu-Chhattisgarh,495
Tamil Nadu-Dadra and Nagar Haveli,784
Tamil Nadu-Delhi,235
Tamil Nadu-Goa,700
Tamil Nadu-Gujarat,515
Tamil Nadu-Haryana,236
Tamil Nadu-Himachal Pradesh,377
Tamil Nadu-Jammu and Kashmir,638
Tamil Nadu-Jharkhand,477
Tamil Nadu-Karnataka,237
Tamil Nadu-Kerala,238
Tamil Nadu-Ladakh,877
Tamil Nadu-Madhya Pradesh,344
Tamil Nadu-Maharashtra,239
Tamil Nadu-Manipur,442
Tamil Nadu-Orissa,486
Tamil Nadu-Pondicherry,240
Tamil Nadu-Punjab,384
Tamil Nadu-Rajasthan,411
Tamil Nadu-Tamil Nadu,241
Tamil Nadu-Tamil Nadu_SEZ,324
Tamil Nadu-Telangana,570
Tamil Nadu-Tripura,352
Tamil Nadu-Uttar Pradesh,353
Tamil Nadu-Uttarakhand,362
Tamil Nadu-West Bengal,467
Telangana-Andhra Pradesh,242
Telangana-Arunachal Pradesh,435
Telangana-Assam,461
Telangana-Bihar,431
Telangana-Chhattisgarh,496
Telangana-Daman and Diu,751
Telangana-Delhi,402
Telangana-Goa,775
Telangana-Gujarat,517
Telangana-Haryana,396
Telangana-Himachal Pradesh,378
Telangana-Jammu and Kashmir,658
Telangana-Jharkhand,478
Telangana-Karnataka,243
Telangana-Kerala,546
Telangana-Ladakh,878
Telangana-Lakshadweep,535
Telangana-Madhya Pradesh,507
Telangana-Maharashtra,244
Telangana-Manipur,844
Telangana-Meghalaya,846
Telangana-Mizoram,843
Telangana-Orissa,487
Telangana-Punjab,385
Telangana-Rajasthan,412
Telangana-Sikkim,845
Telangana-Tamil Nadu,245
Telangana-Telangana,246
Telangana-Telangana_SEZ,325
Telangana-Uttar Pradesh,420
Telangana-Uttarakhand,363
Telangana-West Bengal,468
Tripura-Assam,619
Tripura-Delhi,582
Tripura-Gujarat,643
Tripura-Haryana,666
Tripura-Karnataka,691
Tripura-Ladakh,879
Tripura-Maharashtra,663
Tripura-Meghalaya,616
Tripura-Orissa,730
Tripura-Punjab,683
Tripura-Rajasthan,612
Tripura-Tamil Nadu,693
Tripura-Telangana,716
Tripura-Tripura,336
Tripura-Tripura_SEZ,326
Tripura-Uttar Pradesh,682
Tripura-West Bengal,247
Uttar Pradesh-Andhra Pradesh,574
Uttar Pradesh-Arunachal Pradesh,798
Uttar Pradesh-Assam,453
Uttar Pradesh-Bihar,423
Uttar Pradesh-Chandigarh,768
Uttar Pradesh-Chhattisgarh,248
Uttar Pradesh-Delhi,249
Uttar Pradesh-Goa,753
Uttar Pradesh-Gujarat,510
Uttar Pradesh-Haryana,388
Uttar Pradesh-Himachal Pradesh,374
Uttar Pradesh-Jammu and Kashmir,590
Uttar Pradesh-Jharkhand,470
Uttar Pradesh-Karnataka,250
Uttar Pradesh-Kerala,538
Uttar Pradesh-Ladakh,880
Uttar Pradesh-Madhya Pradesh,500
Uttar Pradesh-Maharashtra,251
Uttar Pradesh-Manipur,439
Uttar Pradesh-Orissa,252
Uttar Pradesh-Punjab,381
Uttar Pradesh-Rajasthan,404
Uttar Pradesh-Tamil Nadu,347
Uttar Pradesh-Telangana,564
Uttar Pradesh-Uttar Pradesh,253
Uttar Pradesh-Uttar Pradesh_SEZ,327
Uttar Pradesh-Uttarakhand,254
Uttar Pradesh-West Bengal,463
Uttarakhand-Andhra Pradesh,648
Uttarakhand-Arunachal Pradesh,797
Uttarakhand-Bihar,586
Uttarakhand-Chhattisgarh,346
Uttarakhand-Delhi,257
Uttarakhand-Gujarat,367
Uttarakhand-Haryana,255
Uttarakhand-Himachal Pradesh,726
Uttarakhand-Jammu and Kashmir,661
Uttarakhand-Jharkhand,674
Uttarakhand-Karnataka,369
Uttarakhand-Kerala,370
Uttarakhand-Ladakh,881
Uttarakhand-Madhya Pradesh,634
Uttarakhand-Maharashtra,368
Uttarakhand-Punjab,354
Uttarakhand-Rajasthan,364
Uttarakhand-Tamil Nadu,677
Uttarakhand-Telangana,371
Uttarakhand-Uttar Pradesh,365
Uttarakhand-Uttarakhand,256
Uttarakhand-Uttarakhand_SEZ,328
Uttarakhand-West Bengal,366
West Bengal-Andaman and Nicobar Islands,258
West Bengal-Andhra Pradesh,259
West Bengal-Arunachal Pradesh,260
West Bengal-Assam,261
West Bengal-Bihar,262
West Bengal-Chandigarh,263
West Bengal-Chhattisgarh,264
West Bengal-Dadra and Nagar Haveli,265
West Bengal-Daman and Diu,266
West Bengal-Delhi,267
West Bengal-Goa,268
West Bengal-Gujarat,269
West Bengal-Haryana,270
West Bengal-Himachal Pradesh,271
West Bengal-Jammu and Kashmir,272
West Bengal-Jharkhand,273
West Bengal-Karnataka,274
West Bengal-Kerala,275
West Bengal-Ladakh,882
West Bengal-Lakshadweep,276
West Bengal-Madhya Pradesh,277
West Bengal-Maharashtra,278
West Bengal-Manipur,279
West Bengal-Meghalaya,280
West Bengal-Mizoram,281
West Bengal-Nagaland,282
West Bengal-Orissa,283
West Bengal-Pondicherry,284
West Bengal-Punjab,285
West Bengal-Rajasthan,286
West Bengal-Sikkim,287
West Bengal-Tamil Nadu,288
West Bengal-Telangana,289
West Bengal-Tripura,290
West Bengal-Uttar Pradesh,291
West Bengal-Uttarakhand,292
West Bengal-West Bengal,293
West Bengal-West Bengal_SEZ,329